id_player,player_name,club,position,minutes_played,match_played,goals,assists,distance_covered
ID_1,Courtois,Real Madrid,Goalkeeper,1230,13,0,0,64.2
ID_2,Vinícius Júnior,Real Madrid,Forward,1199,13,4,6,133.0
ID_3,Benzema,Real Madrid,Forward,1106,12,15,1,121.5
ID_4,Modrić,Real Madrid,Midfielder,1077,13,0,4,124.5
ID_5,Éder Militão,Real Madrid,Defender,1076,12,0,0,110.4
ID_6,Alaba,Real Madrid,Defender,1040,12,1,0,112.3
ID_7,Carvajal,Real Madrid,Defender,959,11,0,1,112.8
ID_8,Casemiro,Real Madrid,Midfielder,914,11,0,0,107.6
ID_9,Kroos,Real Madrid,Midfielder,902,12,2,0,116.5
ID_10,Mendy,Real Madrid,Defender,867,10,0,2,96.3
ID_11,Valverde,Real Madrid,Midfielder,804,11,0,1,96.7
ID_12,Nacho,Real Madrid,Defender,574,9,0,0,61.9
ID_13,Rodrygo,Real Madrid,Forward,505,11,5,2,65.7
ID_14,Lucas Vázquez,Real Madrid,Midfielder,349,8,0,1,47.4
ID_15,Camavinga,Real Madrid,Midfielder,296,10,0,1,40.2
ID_16,Asensio,Real Madrid,Forward,207,8,1,2,28.4
ID_17,Jović,Real Madrid,Forward,113,3,0,0,12.9
ID_18,Marcelo,Real Madrid,Defender,93,3,0,0,10.7
ID_19,E. Hazard,Real Madrid,Forward,84,3,0,0,10.8
ID_20,Miguel Gutiérrez,Real Madrid,Defender,66,1,0,0,7.7
ID_21,Ceballos,Real Madrid,Midfielder,37,5,0,0,7.8
ID_22,Mariano Díaz,Real Madrid,Forward,12,1,0,0,1.6
ID_23,Vallejo,Real Madrid,Defender,8,2,0,0,1.5
ID_24,Bale,Real Madrid,Forward,7,2,0,0,2.2
ID_25,Blanco,Real Madrid,Midfielder,6,1,0,0,1.3
ID_26,Alisson Becker,Liverpool,Goalkeeper,1170,13,0,0,68.8
ID_27,Salah,Liverpool,Forward,1008,13,8,2,112.0
ID_28,Fabinho,Liverpool,Midfielder,849,13,1,0,105.5
ID_29,Robertson,Liverpool,Defender,826,10,0,2,97.7
ID_30,Mané,Liverpool,Midfielder,822,13,5,1,100.3
ID_31,Van Dijk,Liverpool,Defender,810,9,0,1,82.8
ID_32,Alexander-Arnold,Liverpool,Defender,794,9,0,4,86.8
ID_33,Konaté,Liverpool,Defender,720,8,2,0,78.5
ID_34,Henderson,Liverpool,Midfielder,666,12,1,2,85.7
ID_35,Matip,Liverpool,Defender,630,7,0,0,66.2
ID_36,Thiago Alcántara,Liverpool,Midfielder,604,10,1,0,77.9
ID_37,Diogo Jota,Liverpool,Forward,578,11,1,1,73.9
ID_38,Keïta,Liverpool,Midfielder,487,10,1,2,61.5
ID_39,Luis Díaz,Liverpool,Forward,385,7,2,1,49.9
ID_40,Tsimikas,Liverpool,Defender,344,5,0,2,42.7
ID_41,Firmino,Liverpool,Midfielder,323,7,5,0,43.0
ID_42,Oxlade-Chamberlain,Liverpool,Midfielder,300,6,0,1,38.6
ID_43,Gomez,Liverpool,Defender,245,7,0,0,30.4
ID_44,Minamino,Liverpool,Forward,215,4,0,0,29.7
ID_45,Milner,Liverpool,Midfielder,211,8,0,1,32.0
ID_46,Origi,Liverpool,Forward,187,7,1,1,23.8
ID_47,Jones,Liverpool,Midfielder,185,4,0,2,27.1
ID_48,N. Williams,Liverpool,Defender,180,3,0,0,23.5
ID_49,Morton,Liverpool,Midfielder,180,2,0,0,23.5
ID_50,Phillips,Liverpool,Defender,91,2,0,0,11.2
ID_51,Elliott,Liverpool,Midfielder,59,1,0,0,7.9
ID_52,Woltman,Liverpool,Midfielder,1,1,0,0,0.4
ID_53,Bradley,Liverpool,Midfielder,1,1,0,0,0.4
ID_54,Pau Torres,Villarreal,Defender,1080,12,1,0,124.2
ID_55,Rulli,Villarreal,Goalkeeper,1080,12,0,0,61.2
ID_56,Parejo,Villarreal,Midfielder,1055,12,1,3,130.9
ID_57,Capoue,Villarreal,Midfielder,1046,12,2,4,130.9
ID_58,Albiol,Villarreal,Defender,1045,12,0,0,115.7
ID_59,Ederson,Man. City,Goalkeeper,1003,11,0,0,51.6
ID_60,Mahrez,Man. City,Midfielder,986,12,7,2,120.1
ID_61,Danjuma,Villarreal,Midfielder,906,11,6,2,107.8
ID_62,Vertonghen,Benfica,Defender,900,10,0,1,97.9
ID_63,Vlachodimos,Benfica,Goalkeeper,900,10,0,0,55.4
ID_64,Oblak,Atlético,Goalkeeper,900,10,0,0,52.7
ID_65,Foyth,Villarreal,Defender,891,10,0,0,98.7
ID_66,Bernardo Silva,Man. City,Midfielder,878,11,3,3,120.3
ID_67,Lewandowski,Bayern,Forward,876,10,13,3,99.7
ID_68,Grimaldo,Benfica,Defender,863,10,0,3,107.7
ID_69,Rodri,Man. City,Midfielder,842,10,0,0,114.6
ID_70,João Cancelo,Man. City,Defender,840,9,2,3,100.3
ID_71,Rüdiger,Chelsea,Defender,840,9,1,0,88.4
ID_72,Mendy,Chelsea,Goalkeeper,840,9,0,0,57.4
ID_73,Reinildo,LOSC,Defender,816,10,0,0,88.8
ID_74,Neuer,Bayern,Goalkeeper,810,9,0,1,51.2
ID_75,Weigl,Benfica,Midfielder,810,9,0,0,112
ID_76,Otamendi,Benfica,Defender,810,9,0,0,91.2
ID_77,Sané,Bayern,Midfielder,798,10,6,6,94
ID_78,Laporte,Man. City,Defender,794,9,0,0,90.9
ID_79,Müller,Bayern,Forward,778,10,4,3,98.5
ID_80,Pavard,Bayern,Defender,764,10,0,1,96.7
ID_81,Thiago Silva,Chelsea,Defender,757,9,0,1,71.7
ID_82,De Bruyne,Man. City,Midfielder,734,10,2,4,95.5
ID_83,Škriniar,Inter,Defender,720,8,1,0,85.1
ID_84,Kristensen,Salzburg,Defender,720,8,0,1,85.5
ID_85,Martínez,Ajax,Defender,720,8,0,1,83.3
ID_86,Marquinhos,Paris,Defender,720,8,0,1,78.5
ID_87,Fonte,LOSC,Defender,720,8,0,0,81.3
ID_88,Köhn,Salzburg,Goalkeeper,720,8,0,0,43.8
ID_89,Handanovič,Inter,Goalkeeper,720,8,0,0,32
ID_90,Hakimi,Paris,Defender,718,8,0,0,85.3
ID_91,Ulmer,Salzburg,Defender,716,8,0,0,84.2
ID_92,Gilberto,Benfica,Defender,715,9,1,0,85.7
ID_93,Aaronson,Salzburg,Midfielder,715,8,0,2,103.5
ID_94,Rafa Silva,Benfica,Forward,704,9,1,1,85.7
ID_95,Gravenberch,Ajax,Midfielder,703,8,0,1,89.1
ID_96,Kimmich,Bayern,Midfielder,702,8,0,0,96.4
ID_97,Marcos Llorente,Atlético,Midfielder,700,9,0,0,83.6
ID_98,Azpilicueta,Chelsea,Defender,679,9,1,1,82
ID_99,David,LOSC,Forward,679,8,3,0,86.1
ID_100,Mbappé,Paris,Forward,673,8,6,4,65.2
ID_101,Havertz,Chelsea,Midfielder,672,9,3,0,86.3
ID_102,Camara,Salzburg,Midfielder,672,8,0,0,80.9
ID_103,Haller,Ajax,Forward,668,8,11,1,82.2
ID_104,Bastoni,Inter,Defender,666,8,0,0,76.6
ID_105,Koke,Atlético,Midfielder,665,9,0,1,91.2
ID_106,Rúben Dias,Man. City,Defender,664,8,0,0,83.1
ID_107,Mazraoui,Ajax,Defender,661,8,0,2,81.5
ID_108,Gündoğan,Man. City,Midfielder,660,10,0,2,86.4
ID_109,Upamecano,Bayern,Defender,660,8,0,0,82.3
ID_110,Foden,Man. City,Midfielder,658,11,3,2,89.1
ID_111,Seiwald,Salzburg,Midfielder,649,8,0,1,85.3
ID_112,Estupiñán,Villarreal,Defender,645,10,0,0,76.4
ID_113,Stones,Man. City,Defender,637,8,0,0,73.2
ID_114,Brozović,Inter,Midfielder,635,8,1,0,89.3
ID_115,Coman,Bayern,Forward,632,9,2,3,76.3
ID_116,Messi,Paris,Forward,630,7,5,0,58.7
ID_117,Tadić,Ajax,Forward,630,7,2,2,78.9
ID_118,André,LOSC,Midfielder,630,7,0,0,80
ID_119,Kimpembe,Paris,Defender,630,7,0,0,64.4
ID_120,Adán,Sporting CP,Goalkeeper,630,7,0,0,36.3
ID_121,Szczęsny,Juventus,Goalkeeper,630,7,0,0,31.4
ID_122,De Gea,Man. United,Goalkeeper,630,7,0,0,26.4
ID_123,Berghuis,Ajax,Forward,628,8,3,1,79.8
ID_124,De Ligt,Juventus,Defender,627,7,0,0,71.5
ID_125,Núñez,Benfica,Forward,613,10,6,0,72.4
ID_126,Matheus Reis,Sporting CP,Defender,611,8,0,0,75.3
ID_127,Ronaldo,Man. United,Forward,611,7,6,0,59.2
ID_128,Adeyemi,Salzburg,Forward,607,8,3,1,69.2
ID_129,Christensen,Chelsea,Defender,603,8,1,1,62.6
ID_130,Zeki Çelik,LOSC,Defender,591,7,0,1,71.3
ID_131,Martínez,Inter,Forward,587,8,1,0,67.4
ID_132,Giménez,Atlético,Defender,585,7,0,0,63.3
ID_133,Paulinho,Sporting CP,Forward,582,8,3,1,68.2
ID_134,Sterling,Man. City,Forward,581,12,3,2,71.1
ID_135,Nuno Mendes,Paris,Defender,581,8,0,0,62.2
ID_136,Bonucci,Juventus,Defender,580,7,0,0,60.6
ID_137,Kondogbia,Atlético,Midfielder,578,9,0,0,71.3
ID_138,De Paul,Atlético,Midfielder,577,9,1,0,74.5
ID_139,Antony,Ajax,Forward,577,7,2,5,65.1
ID_140,Walker,Man. City,Defender,577,7,1,0,64.1
ID_141,João Félix,Atlético,Forward,573,8,1,1,68.5
ID_142,Wöber,Salzburg,Defender,573,7,1,0,66.5
ID_143,Blind,Ajax,Defender,572,8,1,1,70.9
ID_144,L. Hernández,Bayern,Defender,572,8,0,0,69.4
ID_145,J. Timber,Ajax,Midfielder,570,8,0,0,64.9
ID_146,Jorginho,Chelsea,Midfielder,561,8,2,2,68.7
ID_147,Gonçalo Inácio,Sporting CP,Defender,561,7,0,1,60.7
ID_148,Álvarez,Ajax,Midfielder,558,7,0,0,73
ID_149,Alex Sandro,Juventus,Defender,553,7,1,0,69
ID_150,Alonso,Chelsea,Defender,548,8,0,0,68.9
ID_151,Everton,Benfica,Forward,543,9,0,0,67.1
ID_152,Džeko,Inter,Forward,541,7,3,1,64.6
ID_153,Vanaken,Club Brugge,Midfielder,540,6,3,1,69.4
ID_154,S. Thill,Sheriff,Midfielder,540,6,2,1,76.8
ID_155,Coates,Sporting CP,Defender,540,6,2,0,50.9
ID_156,Arnold,Wolfsburg,Midfielder,540,6,0,3,67.3
ID_157,Cristiano,Sheriff,Defender,540,6,0,3,63.2
ID_158,Zabarnyi,Dynamo Kyiv,Defender,540,6,0,0,67.1
ID_159,Fernando,Sevilla,Midfielder,540,6,0,0,66.6
ID_160,Fernando Costanza,Sheriff,Defender,540,6,0,0,64.6
ID_161,Dodô,Shakhtar Donetsk,Defender,540,6,0,0,64.5
ID_162,Barrios,Zenit,Midfielder,540,6,0,0,61.5
ID_163,Lacroix,Wolfsburg,Defender,540,6,0,0,61.3
ID_164,Hendry,Club Brugge,Defender,540,6,0,0,61
ID_165,Arboleda,Sheriff,Defender,540,6,0,0,53.3
ID_166,Dulanto,Sheriff,Defender,540,6,0,0,53
ID_167,Bounou,Sevilla,Goalkeeper,540,6,0,0,37.2
ID_168,Kobel,Dortmund,Goalkeeper,540,6,0,0,35.4
ID_169,Mignolet,Club Brugge,Goalkeeper,540,6,0,0,33.2
ID_170,Musso,Atalanta,Goalkeeper,540,6,0,0,32.7
ID_171,Pasveer,Ajax,Goalkeeper,540,6,0,0,32.7
ID_172,Grbić,LOSC,Goalkeeper,540,6,0,0,31.9
ID_173,Diogo Costa,Porto,Goalkeeper,540,6,0,0,31.7
ID_174,Ter Stegen,Barcelona,Goalkeeper,540,6,0,0,29
ID_175,Locatelli,Juventus,Midfielder,539,7,0,0,69.8
ID_176,Diego Carlos,Sevilla,Defender,539,6,0,0,58.7
ID_177,Mount,Chelsea,Midfielder,538,7,1,2,60.3
ID_178,Rabiot,Juventus,Midfielder,536,7,0,0,67.6
ID_179,Sydorchuk,Dynamo Kyiv,Midfielder,536,6,0,0,69.1
ID_180,Maguire,Man. United,Defender,534,6,1,0,49.3
ID_181,João Palhinha,Sporting CP,Midfielder,534,6,0,0,66.4
ID_182,Tiago Djaló,LOSC,Defender,533,7,0,0,60.5
ID_183,Moumi Ngamaleu,Young Boys,Midfielder,532,6,1,1,57.2
ID_184,Perišić,Inter,Midfielder,531,8,0,1,65.5
ID_185,Nkunku,Leipzig,Midfielder,531,6,7,0,62.8
ID_186,Traore,Sheriff,Midfielder,530,6,2,1,64.4
ID_187,Burak Yılmaz,LOSC,Forward,529,7,3,0,56.2
ID_188,Pedro Porro,Sporting CP,Defender,529,7,1,0,60.9
ID_189,Lang,Club Brugge,Forward,528,6,0,1,68.9
ID_190,Clinton Mata,Club Brugge,Defender,528,6,0,0,59.9
ID_191,Freuler,Atalanta,Midfielder,526,6,1,1,71.6
ID_192,Depay,Barcelona,Forward,525,6,0,0,64.4
ID_193,Gerard Moreno,Villarreal,Forward,524,7,2,4,65.7
ID_194,Lo Celso,Villarreal,Midfielder,524,6,0,0,68.4
ID_195,F. de Jong,Barcelona,Midfielder,523,6,0,0,69
ID_196,Morata,Juventus,Forward,520,7,2,0,60.2
ID_197,Bruno Fernandes,Man. United,Midfielder,520,7,0,7,58.4
ID_198,Griezmann,Atlético,Forward,518,9,4,2,64.3
ID_199,Sučić,Salzburg,Midfielder,516,8,1,0,65.4
ID_200,Süle,Bayern,Defender,515,7,0,0,61.4
ID_201,Yaremchuk,Benfica,Forward,514,10,3,0,66.5
ID_202,Sarabia,Sporting CP,Forward,510,8,2,0,66.6
ID_203,Matheus Nunes,Sporting CP,Midfielder,509,6,0,2,64.3
ID_204,James,Chelsea,Defender,505,6,1,0,54.6
ID_205,Aebischer,Young Boys,Midfielder,504,6,0,1,53.9
ID_206,Bellingham,Dortmund,Midfielder,503,6,1,3,62.3
ID_207,Zinchenko,Man. City,Defender,501,8,0,1,64.4
ID_208,De Ketelaere,Club Brugge,Forward,500,6,0,1,58.5
ID_209,Čolak,Malmö,Forward,500,6,0,0,63
ID_210,Reus,Dortmund,Midfielder,499,6,3,1,62.7
ID_211,Rakitskyy,Zenit,Defender,497,6,1,2,52.3
ID_212,Barella,Inter,Midfielder,496,6,0,0,65.4
ID_213,Innocent,Malmö,Midfielder,496,6,0,0,60.1
ID_214,Taremi,Porto,Forward,494,6,1,1,60.6
ID_215,João Mário,Benfica,Midfielder,493,8,0,4,66
ID_216,Addo,Sheriff,Midfielder,491,6,0,0,59.7
ID_217,Tsygankov,Dynamo Kyiv,Midfielder,490,6,0,1,65.8
ID_218,Elia,Young Boys,Forward,489,6,1,0,49.1
ID_219,De Vrij,Inter,Defender,487,6,1,0,55.4
ID_220,Sergio Busquets,Barcelona,Midfielder,487,6,0,0,63.9
ID_221,Shaparenko,Dynamo Kyiv,Midfielder,486,6,0,0,68.7
ID_222,Mukiele,Leipzig,Defender,484,6,1,1,57
ID_223,Wendel,Zenit,Midfielder,484,6,1,0,59.1
ID_224,Meunier,Dortmund,Defender,484,6,0,1,65.6
ID_225,De Roon,Atalanta,Midfielder,484,6,0,0,62.1
ID_226,Nsoki,Club Brugge,Defender,484,6,0,0,56.8
ID_227,Renan Lodi,Atlético,Defender,478,10,1,2,61.7
ID_228,Davies,Bayern,Midfielder,477,7,0,2,61.4
ID_229,Maycon,Shakhtar Donetsk,Midfielder,473,6,0,0,62.9
ID_230,Carrasco,Atlético,Forward,472,7,0,0,60.1
ID_231,Cuadrado,Juventus,Midfielder,472,7,0,0,56.2
ID_232,Felipe,Atlético,Defender,472,7,0,0,51.4
ID_233,Witsel,Dortmund,Midfielder,471,6,0,0,59.8
ID_234,Neymar,Paris,Forward,468,6,0,1,55.6
ID_235,Bamba,LOSC,Forward,468,6,0,0,58.2
ID_236,Dumfries,Inter,Defender,467,7,0,1,60.2
ID_237,Goretzka,Bayern,Midfielder,466,6,0,0,59.3
ID_238,Zapata,Atalanta,Forward,464,6,3,3,50.1
ID_239,Coquelin,Villarreal,Midfielder,463,8,1,0,57.6
ID_240,Ocampos,Sevilla,Midfielder,463,6,1,1,50.6
ID_241,Lauper,Young Boys,Midfielder,462,6,0,0,42.1
ID_242,Grealish,Man. City,Midfielder,461,7,1,1,57.1
ID_243,Claudinho,Zenit,Midfielder,460,6,2,0,55.8
ID_244,Otávio,Porto,Midfielder,450,6,0,0,53.8
ID_245,Feddal,Sporting CP,Defender,450,6,0,0,49.2
ID_246,Palomino,Atalanta,Defender,450,5,1,1,50.5
ID_247,T. Hernández,Milan,Defender,450,5,0,1,51.4
ID_248,Danilo,Juventus,Defender,450,5,0,1,49.9
ID_249,Mykolenko,Dynamo Kyiv,Defender,450,5,0,0,56.4
ID_250,Syrota,Dynamo Kyiv,Defender,450,5,0,0,54
ID_251,Koundé,Sevilla,Defender,450,5,0,0,53.2
ID_252,Savić,Atlético,Defender,450,5,0,0,51.6
ID_253,Akanji,Dortmund,Defender,450,5,0,0,50.6
ID_254,L. Nielsen,Malmö,Defender,450,5,0,0,49.1
ID_255,Marlon,Shakhtar Donetsk,Defender,450,5,0,0,48.8
ID_256,Mbemba,Porto,Defender,450,5,0,0,46.5
ID_257,Casteels,Wolfsburg,Goalkeeper,450,5,0,0,30.8
ID_258,Ersin Destanoğlu,Beşiktaş,Goalkeeper,450,5,0,0,29.3
ID_259,Donnarumma,Paris,Goalkeeper,450,5,0,0,27.5
ID_260,Gulácsi,Leipzig,Goalkeeper,450,5,0,0,27.2
ID_261,Bushchan,Dynamo Kyiv,Goalkeeper,450,5,0,0,25.6
ID_262,Athanasiadis,Sheriff,Goalkeeper,450,5,0,0,22.7
ID_263,Musiala,Bayern,Midfielder,448,8,1,1,59
ID_264,Brorsson,Malmö,Defender,448,5,0,0,49.9
ID_265,Ziyech,Chelsea,Midfielder,446,9,1,2,53.5
ID_266,Saelemaekers,Milan,Midfielder,444,6,0,0,57.3
ID_267,Douglas Santos,Zenit,Defender,444,5,0,2,50.5
ID_268,Chistiakov,Zenit,Defender,444,5,0,0,50.8
ID_269,Souza,Beşiktaş,Midfielder,442,5,0,0,55.5
ID_270,Berget,Malmö,Midfielder,438,5,0,0,53
ID_271,Onguéné,Salzburg,Defender,437,5,0,0,48.3
ID_272,Buyalskiy,Dynamo Kyiv,Midfielder,436,5,0,0,58.5
ID_273,Xeka,LOSC,Midfielder,435,7,0,0,54.1
ID_274,Mæhle,Atalanta,Defender,435,5,0,1,56.4
ID_275,Garcia,Young Boys,Defender,435,5,0,0,40.2
ID_276,Malcom,Zenit,Forward,434,6,0,1,48.6
ID_277,Fred,Man. United,Midfielder,433,6,0,0,43.4
ID_278,Angeliño,Leipzig,Defender,432,5,0,3,50.7
ID_279,Pedraza,Villarreal,Midfielder,431,10,0,1,55.3
ID_280,Pino,Villarreal,Forward,431,7,1,0,54.7
ID_281,Verratti,Paris,Midfielder,431,5,0,0,55.7
ID_282,Guilavogui,Wolfsburg,Midfielder,429,5,0,0,50.5
ID_283,Kanté,Chelsea,Midfielder,427,6,0,1,52.2
ID_284,Kovačić,Chelsea,Midfielder,426,6,0,0,50.3
ID_285,Lindelöf,Man. United,Defender,426,5,0,0,37.8
ID_286,Hermoso,Atlético,Defender,425,6,0,0,47.7
ID_287,C. Martins Pereira,Young Boys,Midfielder,420,5,0,0,44.5
ID_288,Hakan Çalhanoğlu,Inter,Midfielder,419,6,0,0,55.2
ID_289,Wan-Bissaka,Man. United,Defender,419,6,0,0,45.9
ID_290,Tomori,Milan,Defender,418,5,1,0,45.4
ID_291,Botman,LOSC,Defender,418,5,0,0,47.4
ID_292,Rits,Club Brugge,Midfielder,417,6,2,0,53.9
ID_293,Baku,Wolfsburg,Midfielder,413,6,1,0,48.6
ID_294,Ahmedhodžić,Malmö,Defender,413,5,0,0,46.3
ID_295,André Silva,Leipzig,Forward,410,6,3,2,47.2
ID_296,Vidal,Inter,Midfielder,409,7,1,2,53.2
ID_297,Balanta,Club Brugge,Midfielder,407,5,0,0,50.7
ID_298,Renato Sanches,LOSC,Midfielder,407,5,0,0,49.2
ID_299,Zappacosta,Atalanta,Defender,405,6,0,1,51
ID_300,Laimer,Leipzig,Midfielder,405,6,0,1,49.1
ID_301,Kolovos,Sheriff,Midfielder,405,6,0,0,49.3
ID_302,Rosier,Beşiktaş,Defender,405,5,0,0,46.8
ID_303,Correa,Atlético,Forward,401,10,1,0,49.6
ID_304,Gueye,Paris,Midfielder,400,7,1,0,48.1
ID_305,McTominay,Man. United,Midfielder,400,5,0,0,53.8
ID_306,Gavi,Barcelona,Midfielder,398,6,0,0,54.1
ID_307,Weghorst,Wolfsburg,Forward,398,5,0,0,49.4
ID_308,Shaw,Man. United,Defender,397,5,0,2,36.6
ID_309,Brandt,Dortmund,Midfielder,395,5,0,0,51.8
ID_310,Sancho,Man. United,Midfielder,393,7,1,0,42
ID_311,Piqué,Barcelona,Defender,393,5,1,0,44
ID_312,Malen,Dortmund,Forward,392,6,3,0,43.7
ID_313,Romagnoli,Milan,Defender,392,5,0,0,44.7
ID_314,Gnabry,Bayern,Forward,391,8,3,2,46.7
ID_315,Zaidu,Porto,Defender,389,6,0,0,45.9
ID_316,McKennie,Juventus,Midfielder,388,6,0,0,51.9
ID_317,Hefti,Young Boys,Defender,386,6,1,1,38.8
ID_318,Forsberg,Leipzig,Forward,385,6,2,2,48.2
ID_319,Batshuayi,Beşiktaş,Forward,383,5,0,0,43.5
ID_320,Bentancur,Juventus,Midfielder,382,5,0,1,48.7
ID_321,Ricardo Esgaio,Sporting CP,Defender,380,8,0,2,48.8
ID_322,Acuña,Sevilla,Defender,379,5,0,0,43.2
ID_323,Lemar,Atlético,Midfielder,377,8,0,1,48.9
ID_324,Bennacer,Milan,Midfielder,376,6,0,0,47.1
ID_325,De Pena,Dynamo Kyiv,Midfielder,375,6,0,0,49
ID_326,Jordi Alba,Barcelona,Defender,375,5,0,1,45.8
ID_327,Tetê,Shakhtar Donetsk,Forward,373,6,0,0,44.5
ID_328,Demiral,Atalanta,Defender,370,6,1,0,42.2
ID_329,Gonçalo Ramos,Benfica,Forward,369,7,1,1,52.1
ID_330,Luís Neto,Sporting CP,Defender,368,6,0,0,38.6
ID_331,Pulišić,Chelsea,Midfielder,367,7,2,1,47.3
ID_332,Ronald Araújo,Barcelona,Defender,367,5,0,0,36.4
ID_333,Kędziora,Dynamo Kyiv,Defender,366,5,0,0,44.4
ID_334,Danilo,Paris,Midfielder,362,7,0,0,40.6
ID_335,Roussillon,Wolfsburg,Defender,362,6,0,0,41.6
ID_336,Tolói,Atalanta,Defender,360,4,0,0,45.2
ID_337,Matviyenko,Shakhtar Donetsk,Defender,360,4,0,0,43
ID_338,Kritsyuk,Zenit,Goalkeeper,360,4,0,0,19.5
ID_339,Loftus-Cheek,Chelsea,Forward,358,8,0,1,44.2
ID_340,Hummels,Dortmund,Defender,358,5,0,0,41.2
ID_341,Castañeda,Sheriff,Midfielder,357,5,0,0,45.5
ID_342,Klostermann,Leipzig,Defender,357,5,0,0,42.2
ID_343,Birmančević,Malmö,Midfielder,356,6,0,1,44.6
ID_344,Ismaily,Shakhtar Donetsk,Defender,355,5,0,0,44.8
ID_345,Larin,Beşiktaş,Forward,354,5,1,0,40.2
ID_346,Varane,Man. United,Defender,353,5,0,0,34.2
ID_347,Jesus,Man. City,Forward,352,8,4,1,41.9
ID_348,Brahim Díaz,Milan,Midfielder,351,5,1,1,43.9
ID_349,João Mário,Porto,Forward,351,4,0,0,39.3
ID_350,Fernando,Shakhtar Donetsk,Midfielder,350,5,2,0,34.8
ID_351,Pepe,Porto,Defender,349,5,0,0,39.8
ID_352,Fernandinho,Man. City,Midfielder,347,8,0,2,44.7
ID_353,Luis Suárez,Atlético,Forward,347,7,1,0,38.7
ID_354,Pogba,Man. United,Midfielder,347,6,0,0,30.9
ID_355,Camara,Young Boys,Defender,347,4,0,0,30.5
ID_356,Okafor,Salzburg,Midfielder,345,6,3,0,40
ID_357,Ghezzal,Beşiktaş,Midfielder,345,5,1,0,38.3
ID_358,Lenglet,Barcelona,Defender,345,4,0,0,40.4
ID_359,Taarabt,Benfica,Midfielder,343,9,0,0,45.2
ID_360,Pedrinho,Shakhtar Donetsk,Midfielder,343,4,0,0,40.9
ID_361,Siebatcheu,Young Boys,Forward,341,6,2,0,35.6
ID_362,Vranckx,Wolfsburg,Midfielder,337,4,0,0,41.5
ID_363,Chiesa,Juventus,Forward,336,4,2,0,37.5
ID_364,Gvardiol,Leipzig,Defender,334,6,0,0,41.5
ID_365,Tonali,Milan,Midfielder,333,6,0,0,44.4
ID_366,Jesús Navas,Sevilla,Defender,332,4,0,0,40
ID_367,Sobol,Club Brugge,Defender,331,4,0,1,39.1
ID_368,Brooks,Wolfsburg,Defender,331,4,0,0,36.3
ID_369,Trigueros,Villarreal,Midfielder,330,9,1,0,42.9
ID_370,Pedro Gonçalves,Sporting CP,Midfielder,329,5,4,2,41.3
ID_371,Mbabu,Wolfsburg,Defender,328,6,0,0,38.6
ID_372,Solet,Salzburg,Defender,328,5,0,0,38.9
ID_373,Christiansen,Malmö,Midfielder,328,4,0,0,41.9
ID_374,Jordán,Sevilla,Midfielder,327,6,1,0,43.3
ID_375,Herrera,Paris,Midfielder,326,6,1,0,44.3
ID_376,Garmash,Dynamo Kyiv,Midfielder,325,6,1,0,42.7
ID_377,Aké,Man. City,Defender,324,6,1,0,36.9
ID_378,L. Nmecha,Wolfsburg,Forward,322,5,2,0,42
ID_379,Solomon,Shakhtar Donetsk,Midfielder,322,5,0,0,42.3
ID_380,Gómez,Sevilla,Forward,322,5,0,0,36.7
ID_381,Kessié,Milan,Midfielder,321,5,0,1,41.2
ID_382,Lukaku,Chelsea,Forward,320,6,2,0,31.5
ID_383,Grujić,Porto,Midfielder,320,6,0,1,40.9
ID_384,Paredes,Paris,Midfielder,315,5,0,0,36.9
ID_385,Calabria,Milan,Defender,315,4,0,0,38.5
ID_386,Orbán,Leipzig,Defender,315,4,0,0,35.6
ID_387,Lovren,Zenit,Defender,315,4,0,0,34.7
ID_388,Dahlin,Malmö,Goalkeeper,315,4,0,0,14.2
ID_389,Evanilson,Porto,Forward,313,4,0,0,34.9
ID_390,Welinton,Beşiktaş,Defender,313,4,0,0,33
ID_391,Bruno,Sheriff,Midfielder,312,6,0,0,38.5
ID_392,Moreno,Villarreal,Defender,309,7,1,0,41.7
ID_393,Montero,Beşiktaş,Defender,306,4,1,0,34.6
ID_394,Vrsaljko,Atlético,Defender,304,5,0,0,36.9
ID_395,Greenwood,Man. United,Forward,304,4,1,1,38.1
ID_396,Azmoun,Zenit,Forward,303,5,2,1,30.3
ID_397,Malinovskyi,Atalanta,Midfielder,301,5,1,0,38.5
ID_398,Sérgio Oliveira,Porto,Midfielder,300,6,1,0,39.7
ID_399,Karavaev,Zenit,Defender,299,4,0,1,38.3
ID_400,Sowah,Club Brugge,Forward,298,5,0,0,38.4
ID_401,Ikoné,LOSC,Midfielder,297,5,1,2,35.3
ID_402,Simakan,Leipzig,Defender,297,4,0,0,32
ID_403,Lukebakio,Wolfsburg,Forward,296,6,0,0,35.9
ID_404,Rafael Leão,Milan,Forward,294,4,1,1,32.4
ID_405,Sutormin,Zenit,Midfielder,293,4,1,0,34.3
ID_406,Alex Telles,Man. United,Defender,293,4,1,0,33.5
ID_407,Bernardeschi,Juventus,Midfielder,292,5,0,2,36.3
ID_408,Adams,Leipzig,Midfielder,292,5,0,0,38.9
ID_409,Hudson-Odoi,Chelsea,Midfielder,289,5,1,2,32.3
ID_410,Uribe,Porto,Midfielder,289,4,0,0,36.8
ID_411,De Sciglio,Juventus,Defender,286,4,0,1,33.3
ID_412,M. Olsson,Malmö,Defender,284,6,0,0,34.5
ID_413,Dimarco,Inter,Defender,283,7,0,0,36.3
ID_414,Capaldo,Salzburg,Midfielder,281,7,0,0,36.9
ID_415,Peña,Malmö,Midfielder,281,5,0,0,32.5
ID_416,Dzyuba,Zenit,Forward,277,6,0,1,31.2
ID_417,Rakitić,Sevilla,Midfielder,276,5,2,1,36.4
ID_418,Larsson,Malmö,Defender,275,4,0,0,32
ID_419,Chukwueze,Villarreal,Midfielder,273,9,2,0,37
ID_420,Rakip,Malmö,Midfielder,273,6,0,0,35.9
ID_421,Rieder,Young Boys,Midfielder,272,6,1,1,38.7
ID_422,Rafa Mir,Sevilla,Forward,271,6,1,1,36.4
ID_423,Kampl,Leipzig,Midfielder,270,3,0,0,35.8
ID_424,Verissimo,Benfica,Defender,270,3,0,0,30.2
ID_425,N'Sakala,Beşiktaş,Defender,270,3,0,0,30.1
ID_426,Kjær,Milan,Defender,270,3,0,0,28.6
ID_427,Faivre,Young Boys,Goalkeeper,270,3,0,0,20.5
ID_428,Tătăruşanu,Milan,Goalkeeper,270,3,0,0,18.6
ID_429,Maignan,Milan,Goalkeeper,270,3,0,0,18.3
ID_430,Trubin,Shakhtar Donetsk,Goalkeeper,270,3,0,0,15.5
ID_431,Navas,Paris,Goalkeeper,270,3,0,0,13.7
ID_432,Von Ballmoos,Young Boys,Goalkeeper,270,3,0,0,12.2
ID_433,Fassnacht,Young Boys,Midfielder,269,3,0,0,23.3
ID_434,Alan Patrick,Shakhtar Donetsk,Midfielder,268,4,0,1,37.1
ID_435,Pyatov,Shakhtar Donetsk,Goalkeeper,266,3,0,0,14.2
ID_436,Arthur,Juventus,Midfielder,264,6,0,0,35.2
ID_437,Kenan Karaman,Beşiktaş,Forward,264,5,0,0,33.7
ID_438,Wijnaldum,Paris,Midfielder,261,5,2,0,31.6
ID_439,Giroud,Milan,Forward,261,5,0,0,29
ID_440,Pjanic,Beşiktaş,Midfielder,261,3,0,2,32.7
ID_441,Mehmet Topal,Beşiktaş,Midfielder,261,3,0,0,29.6
ID_442,Di María,Paris,Forward,260,5,0,1,32.1
ID_443,Djimsiti,Atalanta,Defender,260,5,0,0,31.5
ID_444,Dia,Villarreal,Forward,258,8,1,0,33.3
ID_445,Steffen,Wolfsburg,Midfielder,258,5,2,0,31.1
ID_446,Onana,LOSC,Midfielder,257,8,0,0,34.9
ID_447,Rashford,Man. United,Forward,257,5,1,0,29.5
ID_448,Kuzyaev,Zenit,Midfielder,257,4,1,0,31.7
ID_449,Marcos Antônio,Shakhtar Donetsk,Midfielder,256,5,0,0,36.1
ID_450,Dybala,Juventus,Forward,255,5,3,1,30.6
ID_451,Weah,LOSC,Forward,255,5,0,0,29.4
ID_452,Meraş,Beşiktaş,Defender,253,3,0,0,29.9
ID_453,Krunić,Milan,Midfielder,252,4,0,0,30.6
ID_454,Iličić,Atalanta,Midfielder,249,4,1,1,29.3
ID_455,Nico González,Barcelona,Midfielder,247,4,0,0,33.6
ID_456,Eric García,Barcelona,Defender,247,4,0,0,29.7
ID_457,Werner,Chelsea,Forward,246,5,4,2,29.8
ID_458,Gudmundsson,LOSC,Defender,243,4,0,0,29.1
ID_459,Sierro,Young Boys,Midfielder,240,5,1,0,28.5
ID_460,André Almeida,Benfica,Defender,236,5,0,0,29.6
ID_461,Šeško,Salzburg,Forward,234,6,0,0,32.1
ID_462,Tolisso,Bayern,Midfielder,234,4,0,1,31.3
ID_463,Dalot,Man. United,Defender,233,3,0,0,21
ID_464,Klaassen,Ajax,Midfielder,232,7,1,1,33.6
ID_465,Adamu,Salzburg,Forward,231,8,1,0,32.6
ID_466,Dest,Barcelona,Defender,230,4,0,0,30.2
ID_467,Suso,Sevilla,Forward,228,4,0,0,25.2
ID_468,Herrera,Atlético,Midfielder,226,4,0,0,30.1
ID_469,Stepanenko,Shakhtar Donetsk,Midfielder,225,4,0,0,30.6
ID_470,Diawara,Malmö,Goalkeeper,225,3,0,0,11.1
ID_471,Moi Gómez,Villarreal,Midfielder,222,6,0,1,32
ID_472,Rieks,Malmö,Midfielder,222,3,1,0,27.8
ID_473,Pašalić,Atalanta,Midfielder,220,5,1,1,30
ID_474,Trippier,Atlético,Defender,220,3,0,0,27
ID_475,Mingueza,Barcelona,Defender,219,5,0,0,27.2
ID_476,Bozdoğan,Beşiktaş,Midfielder,219,4,0,0,28.3
ID_477,Nuno Santos,Sporting CP,Forward,218,7,1,0,28.9
ID_478,Vitinha,Porto,Midfielder,218,6,0,0,31.1
ID_479,Kalulu,Milan,Defender,216,5,0,1,26.6
ID_480,Dahoud,Dortmund,Midfielder,212,4,0,2,28.2
ID_481,Corona,Porto,Forward,212,4,0,0,28
ID_482,Nianzou,Bayern,Midfielder,212,4,0,0,25.4
ID_483,Pessina,Atalanta,Midfielder,211,4,1,0,29.4
ID_484,Koopmeiners,Atalanta,Midfielder,210,5,0,1,28.9
ID_485,Szoboszlai,Leipzig,Midfielder,209,4,2,0,26.9
ID_486,Marlos,Shakhtar Donetsk,Midfielder,206,6,0,0,25.4
ID_487,Ugarte,Sporting CP,Midfielder,205,4,0,0,29.6
ID_488,Yakhshiboev,Sheriff,Forward,205,3,1,0,27.9
ID_489,Munir,Sevilla,Forward,204,4,0,0,26.4
ID_490,Van de Beek,Man. United,Midfielder,204,4,0,0,23.5
ID_491,Bornauw,Wolfsburg,Defender,204,3,0,0,22.3
ID_492,Neres,Ajax,Forward,203,5,1,0,24
ID_493,Haaland,Dortmund,Forward,203,3,3,0,22.3
ID_494,Bruno Tabata,Sporting CP,Midfielder,201,4,1,1,28.3
ID_495,Delaney,Sevilla,Midfielder,200,4,0,0,28.1
ID_496,Darmian,Inter,Defender,196,5,0,0,25.1
ID_497,Schulz,Dortmund,Defender,195,4,0,1,24.5
ID_498,Matić,Man. United,Midfielder,194,8,0,0,24.6
ID_499,Gerhardt,Wolfsburg,Midfielder,192,5,0,1,25.8
ID_500,Kryvtsov,Shakhtar Donetsk,Defender,192,3,0,1,23.5
ID_501,Necip Uysal,Beşiktaş,Midfielder,189,3,0,0,19.8
ID_502,Chilwell,Chelsea,Defender,188,4,0,0,23.3
ID_503,Moisander,Malmö,Defender,187,3,0,0,22
ID_504,Montiel,Sevilla,Defender,186,4,0,0,24.9
ID_505,Alex Teixeira,Beşiktaş,Midfielder,184,3,0,0,18.6
ID_506,Haidara,Leipzig,Midfielder,182,4,0,0,24.4
ID_507,Guerreiro,Dortmund,Defender,182,3,0,0,23.1
ID_508,Vlahović,Juventus,Forward,180,2,1,0,20.9
ID_509,Morato,Benfica,Defender,180,2,1,0,19.6
ID_510,Bürgy,Young Boys,Defender,180,2,0,0,21.4
ID_511,Vida,Beşiktaş,Defender,180,2,0,0,19.1
ID_512,Bailly,Man. United,Defender,180,2,0,0,18.8
ID_513,Leo Jardim,LOSC,Goalkeeper,180,2,0,0,11.1
ID_514,M. Kerzhakov,Zenit,Goalkeeper,180,2,0,0,10.6
ID_515,Onana,Ajax,Goalkeeper,180,2,0,0,8.4
ID_516,Mudryk,Shakhtar Donetsk,Midfielder,179,6,0,0,24.2
ID_517,L. de Jong,Barcelona,Forward,179,3,0,0,22.3
ID_518,Rugani,Juventus,Defender,177,4,0,0,21.7
ID_519,Chalobah,Chelsea,Defender,175,3,1,0,20.4
ID_520,Elanga,Man. United,Forward,172,3,1,0,23
ID_521,Paulo Otávio,Wolfsburg,Defender,171,4,0,0,20.2
ID_522,Wolf,Dortmund,Midfielder,170,5,0,0,24.3
ID_523,Pongračić,Dortmund,Defender,170,5,0,0,20.6
ID_524,Sergi Roberto,Barcelona,Midfielder,169,3,0,0,22
ID_525,Kean,Juventus,Forward,168,6,1,0,20.6
ID_526,Gomes,LOSC,Midfielder,168,4,1,1,19.7
ID_527,Óliver Torres,Sevilla,Midfielder,168,4,0,0,25.8
ID_528,Lefort,Young Boys,Defender,167,3,0,0,21.1
ID_529,Diallo,Paris,Defender,165,2,0,0,17.9
ID_530,Ricca,Club Brugge,Defender,164,4,0,0,21.9
ID_531,Tiago Tomás,Sporting CP,Forward,162,5,0,0,22.1
ID_532,Van Der Brempt,Club Brugge,Defender,162,5,0,0,21.5
ID_533,Tymchyk,Dynamo Kyiv,Defender,160,4,0,0,22
ID_534,Ibrahimović,Milan,Forward,160,4,0,0,16.4
ID_535,Saúl Ñíguez,Chelsea,Midfielder,159,5,0,0,23
ID_536,Pedri,Barcelona,Midfielder,158,2,0,0,20.7
ID_537,Pizzi,Benfica,Midfielder,157,6,0,0,21.2
ID_538,Vormer,Club Brugge,Midfielder,156,4,0,1,20.9
ID_539,Hutchinson,Beşiktaş,Midfielder,156,4,0,0,19.9
ID_540,Yansané,Sheriff,Forward,156,3,1,0,21.6
ID_541,Alexis Sánchez,Inter,Forward,155,6,1,1,19
ID_542,Meite,Benfica,Midfielder,155,3,0,0,19.9
ID_543,Fábio Cardoso,Porto,Defender,155,2,0,0,18.7
ID_544,Karavaev,Dynamo Kyiv,Defender,154,6,0,0,21.6
ID_545,Fati,Barcelona,Forward,154,3,1,0,19.7
ID_546,Mostovoy,Zenit,Midfielder,150,5,0,0,20.9
ID_547,Poulsen,Leipzig,Forward,147,4,0,1,18.8
ID_548,D'Ambrosio,Inter,Defender,147,3,0,0,19.2
ID_549,Schuurs,Ajax,Defender,146,3,0,1,14.4
ID_550,Toni Martínez,Porto,Forward,144,6,0,0,19.6
ID_551,Matheus Cunha,Atlético,Forward,142,5,0,0,18.3
ID_552,T. Hazard,Dortmund,Midfielder,142,3,0,0,19
ID_553,Tagliafico,Ajax,Defender,139,3,0,1,16.6
ID_554,Draxler,Paris,Forward,136,3,0,0,15.1
ID_555,Rıdvan Yılmaz,Beşiktaş,Defender,135,2,0,0,15.3
ID_556,Sabitzer,Bayern,Midfielder,133,5,0,0,19.6
ID_557,Daniel Bragança,Sporting CP,Midfielder,131,5,0,0,18.9
ID_558,Diogo Gonçalves,Benfica,Midfielder,131,5,0,0,18
ID_559,Wendell,Porto,Defender,131,4,0,0,16
ID_560,Mechele,Club Brugge,Defender,131,3,0,0,16.5
ID_561,Muriel,Atalanta,Forward,130,5,1,0,16.9
ID_562,Aurier,Villarreal,Defender,129,5,0,1,15.9
ID_563,Reinier,Dortmund,Forward,126,3,0,0,16.7
ID_564,Marcano,Porto,Defender,126,2,0,0,14.8
ID_565,Sarr,Bayern,Defender,125,5,0,0,17.3
ID_566,Rekik,Sevilla,Defender,125,4,0,0,15.1
ID_567,Vecino,Inter,Midfielder,124,4,0,0,18.9
ID_568,Lewicki,Malmö,Midfielder,123,2,0,0,14.6
ID_569,Dembélé,Barcelona,Forward,122,3,0,0,14.8
ID_570,Lamela,Sevilla,Midfielder,119,4,0,0,17.6
ID_571,Waldschmidt,Wolfsburg,Forward,119,3,0,0,15.6
ID_572,Rebić,Milan,Forward,117,2,1,0,13
ID_573,Lingard,Man. United,Midfielder,116,4,0,1,14
ID_574,Abubakari,Malmö,Forward,116,4,0,0,15.3
ID_575,Brobbey,Leipzig,Forward,115,5,0,0,14.3
ID_576,Messias Junior,Milan,Forward,115,2,1,0,15.6
ID_577,Lázaro,Benfica,Midfielder,114,6,0,0,15.6
ID_578,Maceiras,Young Boys,Defender,113,3,0,0,16
ID_579,Salih Uçan,Beşiktaş,Midfielder,109,5,0,0,15.4
ID_580,Coutinho,Barcelona,Forward,109,4,0,0,14.3
ID_581,Correa,Inter,Forward,106,5,0,0,14.8
ID_582,Erokhin,Zenit,Midfielder,104,6,0,0,15.7
ID_583,Shkurin,Dynamo Kyiv,Forward,104,2,0,0,14
ID_584,Slimani,Sporting CP,Forward,104,2,0,0,12.4
ID_585,Demir,Barcelona,Midfielder,101,3,0,0,12.8
ID_586,Gosens,Atalanta,Midfielder,101,2,1,0,12.1
ID_587,Traoré,Shakhtar Donetsk,Forward,101,2,0,0,10.5
ID_588,Tigges,Dortmund,Forward,100,2,0,0,13.4
ID_589,Sarr,Chelsea,Defender,100,2,0,0,11.9
ID_590,Ranocchia,Inter,Defender,98,3,0,0,10.9
ID_591,Nikolov,Sheriff,Midfielder,97,5,1,0,14.6
ID_592,Zagadou,Dortmund,Defender,97,2,0,0,12.3
ID_593,Mata,Man. United,Midfielder,96,3,0,0,13.2
ID_594,Barkley,Chelsea,Midfielder,96,3,0,0,12.7
ID_595,Andriyevskiy,Dynamo Kyiv,Midfielder,94,2,0,0,12.9
ID_596,Vitinho,Dynamo Kyiv,Midfielder,93,3,0,0,13.5
ID_597,Mario Gaspar,Villarreal,Defender,93,2,0,0,10.8
ID_598,Verbič,Dynamo Kyiv,Midfielder,91,3,0,0,13.1
ID_599,Ballo,Milan,Defender,91,2,0,0,11.6
ID_600,Philipp,Wolfsburg,Forward,90,2,0,0,11.1
ID_601,Hateboer,Atalanta,Defender,90,1,0,0,11.8
ID_602,N'Koudou,Beşiktaş,Midfielder,90,1,0,0,10.9
ID_603,Egan-Riley,Man. City,Defender,90,1,0,0,10.8
ID_604,Shabanov,Dynamo Kyiv,Defender,90,1,0,0,10.7
ID_605,Bondar,Shakhtar Donetsk,Defender,90,1,0,0,10.2
ID_606,Lustenberger,Young Boys,Defender,90,1,0,0,10.2
ID_607,Serdar Saatçı,Beşiktaş,Defender,90,1,0,0,9.5
ID_608,Vitão,Shakhtar Donetsk,Defender,90,1,0,0,9.4
ID_609,Ulreich,Bayern,Goalkeeper,90,1,0,0,6.2
ID_610,Martínez,Leipzig,Goalkeeper,90,1,0,0,6
ID_611,Pervan,Wolfsburg,Goalkeeper,90,1,0,0,5.7
ID_612,Kepa,Chelsea,Goalkeeper,90,1,0,0,5.6
ID_613,João Virginia,Sporting CP,Goalkeeper,90,1,0,0,5.4
ID_614,Günok,Beşiktaş,Goalkeeper,90,1,0,0,4.8
ID_615,Celeadnic,Sheriff,Goalkeeper,90,1,0,0,4.7
ID_616,Boyko,Dynamo Kyiv,Goalkeeper,90,1,0,0,4.5
ID_617,Perin,Juventus,Goalkeeper,90,1,0,0,4.3
ID_618,Steffen,Man. City,Goalkeeper,90,1,0,0,4
ID_619,Nanasi,Malmö,Midfielder,89,2,0,0,12.4
ID_620,Florenzi,Milan,Defender,88,4,0,0,12.6
ID_621,Olmo,Leipzig,Forward,88,2,0,1,10.9
ID_622,Fábio Vieira,Porto,Midfielder,85,2,0,1,11
ID_623,Bondarenko,Shakhtar Donetsk,Midfielder,84,2,0,0,11.8
ID_624,Piątkowski,Salzburg,Defender,84,2,0,0,9.8
ID_625,Nalić,Malmö,Midfielder,83,5,0,0,13.6
ID_626,Korniienko,Shakhtar Donetsk,Defender,83,2,0,0,11.2
ID_627,En-Nesyri,Sevilla,Forward,83,2,0,0,10.2
ID_628,Supryaha,Dynamo Kyiv,Forward,81,2,0,0,10.9
ID_629,De Winter,Juventus,Defender,81,2,0,0,10.8
ID_630,Kulusevski,Juventus,Midfielder,80,5,1,0,14.3
ID_631,Augustinsson,Sevilla,Defender,80,3,0,0,11.1
ID_632,Radeljić,Sheriff,Defender,79,3,0,0,10.2
ID_633,Jovane Cabral,Sporting CP,Forward,79,3,0,0,9.8
ID_634,Marc Roca,Bayern,Defender,78,4,0,0,11.6
ID_635,Kanga,Young Boys,Forward,75,5,0,0,10.1
ID_636,Cavani,Man. United,Forward,75,4,0,0,11.7
ID_637,Gökhan Töre,Beşiktaş,Midfielder,75,4,0,0,11.2
ID_638,Emre Can,Dortmund,Defender,74,2,0,0,8.4
ID_639,Alcácer,Villarreal,Forward,73,3,1,0,10
ID_640,Esteves,Sporting CP,Defender,73,1,0,0,8.4
ID_641,Rensch,Ajax,Defender,71,5,0,0,13.8
ID_642,Ferran Torres,Man. City,Forward,71,1,0,0,8.1
ID_643,Kehrer,Paris,Defender,70,4,0,0,8.3
ID_644,Krugovoi,Zenit,Defender,68,6,0,0,11.8
ID_645,Dost,Club Brugge,Forward,68,3,0,0,8.6
ID_646,Diallo,Man. United,Midfielder,68,1,0,0,8.3
ID_647,Henderson,Man. United,Goalkeeper,68,1,0,0,4.4
ID_648,Martial,Man. United,Forward,67,2,0,0,7.1
ID_649,Gagliardini,Inter,Midfielder,66,5,0,0,11.6
ID_650,Rúben Vinagre,Sporting CP,Defender,63,2,0,0,7.8
ID_651,Mambimbi,Young Boys,Forward,60,4,0,0,9.4
ID_652,Moriba,Leipzig,Midfielder,60,3,0,0,8.7
ID_653,Passlack,Dortmund,Midfielder,60,2,0,0,7.6
ID_654,Bakayoko,Milan,Defender,56,3,0,0,8.1
ID_655,Pezzella,Atalanta,Defender,56,3,0,0,8.1
ID_656,Sudakov,Shakhtar Donetsk,Midfielder,56,2,0,0,8.3
ID_657,Sandra,Club Brugge,Midfielder,56,1,0,0,6.9
ID_658,Mbamba-Muanda,Club Brugge,Defender,55,3,0,0,8.7
ID_659,Shepeliev,Dynamo Kyiv,Midfielder,54,2,0,0,8.7
ID_660,Richards,Bayern,Defender,52,4,0,0,8.5
ID_661,Julien,Sheriff,Defender,52,3,0,0,7.2
ID_662,Oğuzhan Özyakup,Beşiktaş,Midfielder,52,2,0,0,7.4
ID_663,Daramy,Ajax,Forward,52,2,0,0,6.4
ID_664,Henrichs,Leipzig,Defender,51,4,0,0,7.2
ID_665,Choupo-Moting,Bayern,Midfielder,49,4,1,0,6.7
ID_666,Yusuf Yazıcı,LOSC,Midfielder,47,4,0,0,8.7
ID_667,Icardi,Paris,Forward,47,3,0,0,6.5
ID_668,McAtee,Man. City,Midfielder,45,1,0,0,6.2
ID_669,Lovato,Atalanta,Defender,45,1,0,0,5.3
ID_670,Palmer,Man. City,Midfielder,40,3,1,0,7
ID_671,Paulo Bernardo,Benfica,Midfielder,39,5,0,0,8.3
ID_672,Kjærgaard,Salzburg,Midfielder,38,4,1,0,7.9
ID_673,Taylor,Ajax,Midfielder,38,3,0,0,6.6
ID_674,Francisco Conceição,Porto,Forward,37,2,0,0,5.4
ID_675,F. Nmecha,Wolfsburg,Midfielder,36,2,0,0,6.6
ID_676,Pepê,Porto,Forward,34,3,0,0,5.7
ID_677,Al. Miranchuk,Atalanta,Forward,33,2,0,1,4.8
ID_678,Edwards,Sporting CP,Forward,32,1,0,0,4
ID_679,Radonjić,Benfica,Forward,31,1,0,0,3.9
ID_680,Mengi,Man. United,Defender,29,1,0,0,3.7
ID_681,Wesley,Club Brugge,Forward,26,2,0,0,3.7
ID_682,Mandi,Villarreal,Defender,24,2,0,0,3.7
ID_683,Kudus,Ajax,Midfielder,24,2,0,0,3.5
ID_684,Novoa,Leipzig,Midfielder,24,1,0,1,3.6
ID_685,Lihadji,LOSC,Forward,23,3,0,0,4.5
ID_686,Bernardo,Salzburg,Defender,23,2,0,1,4.2
ID_687,Tijani,Salzburg,Midfielder,23,1,0,0,3.1
ID_688,Ben Arfa,LOSC,Midfielder,22,2,0,0,3.6
ID_689,Óscar Rodríguez,Sevilla,Midfielder,22,1,0,0,3.8
ID_690,Shoretire,Man. United,Midfielder,22,1,0,0,3.3
ID_691,Heaton,Man. United,Goalkeeper,22,1,0,0,1.9
ID_692,Stanišić,Bayern,Defender,21,2,0,1,3.6
ID_693,Knauff,Dortmund,Midfielder,20,3,0,0,5.1
ID_694,Maldini,Milan,Forward,20,3,0,0,4.2
ID_695,Moukoko,Dortmund,Forward,20,1,0,0,3.2
ID_696,Iván Romero,Sevilla,Forward,20,1,0,0,2.7
ID_697,Flávio Nazinho,Sporting CP,Defender,19,2,0,0,4
ID_698,Balde,Barcelona,Defender,19,2,0,0,3.7
ID_699,Tillman,Bayern,Midfielder,18,2,0,0,3.6
ID_700,Peña,Villarreal,Defender,18,2,0,0,3.3
ID_701,Ricard Puig,Barcelona,Midfielder,17,1,0,0,2.4
ID_702,Berkay Vardar,Beşiktaş,Midfielder,17,1,0,0,1.9
ID_703,Carson,Man. City,Goalkeeper,17,1,0,0,1.1
ID_704,Eric Ramirez,Dynamo Kyiv,Forward,16,2,0,0,2.7
ID_705,Cojocaru,Sheriff,Midfielder,15,2,0,0,3.6
ID_706,Javi Serrano,Atlético,Midfielder,15,1,0,0,2.4
ID_707,Agüero,Barcelona,Forward,15,1,0,0,1.9
ID_708,Ramsey,Juventus,Midfielder,14,2,0,0,3.2
ID_709,Kravtsov,Zenit,Midfielder,14,2,0,0,3
ID_710,Bradarić,LOSC,Defender,13,1,0,0,2
ID_711,Ozdoev,Zenit,Midfielder,11,1,1,0,2.2
ID_712,Bruno Costa,Porto,Midfielder,11,1,0,0,2
ID_713,Raba,Villarreal,Midfielder,11,1,0,0,1.7
ID_714,Iborra,Villarreal,Midfielder,10,1,0,0,1.8
ID_715,Bonnah,Leipzig,Midfielder,10,1,0,0,1.6
ID_716,Sensi,Inter,Midfielder,9,2,0,0,2.2
ID_717,Lednev,Dynamo Kyiv,Midfielder,9,1,0,0,2.1
ID_718,Zhegrova,LOSC,Midfielder,9,1,0,0,1.9
ID_719,Seferović,Benfica,Forward,9,1,0,0,1.8
ID_720,Zakaria,Juventus,Midfielder,9,1,0,0,1.8
ID_721,Dário Essugo,Sporting CP,Midfielder,9,1,0,0,1.8
ID_722,Spielmann,Young Boys,Midfielder,8,1,0,0,1.5
ID_723,Izquierdo,Club Brugge,Forward,8,1,0,0,1.3
ID_724,Chiellini,Juventus,Defender,7,1,0,0,1.3
ID_725,Dina Ebimbe,Paris,Midfielder,7,1,0,0,1.2
ID_726,Sulejmani,Young Boys,Midfielder,7,1,0,0,-
ID_727,Delap,Man. City,Forward,6,1,0,0,1.2
ID_728,Mbete,Man. City,Defender,6,1,0,0,1.1
ID_729,Kolarov,Inter,Defender,5,1,0,0,1.1
ID_730,Šimić,Salzburg,Forward,4,1,0,0,1.3
ID_731,Guindo,Salzburg,Defender,4,1,0,0,1.2
ID_732,Dentinho,Shakhtar Donetsk,Midfielder,4,1,0,0,1
ID_733,Shevchenko,Shakhtar Donetsk,Goalkeeper,4,1,0,0,0.5
ID_734,Maier,Young Boys,Midfielder,3,1,0,0,1.3
ID_735,Luca Pellegrini,Juventus,Defender,3,1,0,0,1
ID_736,Kuznetsov,Zenit,Forward,3,1,0,0,0.9
ID_737,Eile,Malmö,Defender,3,1,0,0,0.8
ID_738,Ginczek,Wolfsburg,Forward,2,1,0,0,1.1
ID_739,Savage,Man. United,Midfielder,1,1,0,0,1
ID_740,Iqbal,Man. United,Midfielder,1,1,0,0,1
ID_741,Da Graca,Juventus,Forward,1,1,0,0,0.8
ID_742,Miretti,Juventus,Midfielder,1,1,0,0,0.8
ID_743,Gil Dias,Benfica,Midfielder,1,1,0,0,0.7
ID_744,Rodrigo Ribeiro,Sporting CP,Forward,1,1,0,0,0.7
ID_745,Cojocari,Sheriff,Defender,1,1,0,0,0.5
ID_746,Maouassa,Club Brugge,Defender,1,1,0,0,0.2
ID_747,Zesiger,Young Boys,Defender,1,1,0,0,-
